	oid	text	category
0	3	здравствуйте займ. тоже по частям можно оплатить? здесь можно? или нельзя	oplatit_zaim_chast
1	11	как позвонить вам?	info
2	16	здравствуйте, как можно частично погасить?	oplatit_zaim_chast
3	18	как можно оплатить проценты?	oplatit_zaim
4	19	здравствуйте как можно выкупить залог?	vikup_do_min_ostatka
5	22	почему нельзя оплатить проценты?	oplatit_zaim
6	42	здравствуйте, а вы принимаете серебро?	online_otsenka
7	54	не могу оплатить	oplatit_zaim
8	58	как мне оплатить часть тела залога	oplatit_zaim_chast
9	62	как узнать номер залогового билета?	nayti_bilet
10	63	здравствуйте , скажите пожалуйста моё кольцо не продали?	online_otsenka
11	65	здравствуйте.кольцо ушло?	online_otsenka
12	97	проценты	oplatit_zaim
13	105	здравствуйте как оплатить проценты	oplatit_zaim
14	123	здравствуйте. до какого числа я могу оплатить проценты?	oplatit_zaim
15	125	здравствуйте где я могу его выкупить	vikup_do_min_ostatka
16	143	здравствуйте,не могу оплатить процент,почему ?	oplatit_zaim
17	153	здравствуйте.как оплатить % частично	oplatit_zaim_chast
18	166	здравствуйте как выкупить кольцо	online_otsenka
19	182	я могу его оплатить добрый день	oplatit_zaim
20	183	 можно его оплатить	oplatit_zaim
21	210	спасибо большое за помощь	svyaz_operator
22	210	до какого числа у меня залоги ??	data_zaima
23	210	до какого числа у меня залог?	data_zaima
24	210	я уже оплатила . и у меня один билет	oplatit_zaim
25	214	здравствуйте как узнать номер залогового билета	nayti_bilet
26	238	не могу оплатить проценты	oplatit_zaim
27	240	как можно частично погасить	oplatit_zaim_chast
28	249	до какого числа нужно оплатить? здравствуйте	data_zaima
29	262	здравствуйте. хотела оплатить проценты	oplatit_zaim
30	267	до какого числа мне нужно оплатить проценты?	oplatit_zaim
31	267	можно ли продлить займ	oplatit_zaim
32	267	когда нужно выкупить билет?	vikup_do_min_ostatka
33	275	здравствуйте, могу я оплатить долг частично?	oplatit_zaim_chast
34	283	почему я не могу полностью оплатить?	vikup_do_min_ostatka
35	293	здравствуйте можно еще выкупить этот залог ?	vikup_do_min_ostatka
36	301	оно еше не ушло в продажу?	online_otsenka
37	313	здравствуйте почему не доступна оплата процентов? сн	oplatit_zaim
38	321	можно ли оплатить часть процентов ?	oplatit_zaim
39	326	до 10.02.23 ещё можно будет выкупить?	vikup_do_min_ostatka
40	327	здравствуйте это еще можно выкупить	vikup_do_min_ostatka
41	332	здравствуйте, почему не могу оплатить проценты онлайн?	oplatit_zaim
42	335	nan оплатить	oplatit_zaim
43	341	могу ли я выкупить залог	vikup_do_min_ostatka
44	344	чо 369058 ещё не продан?	online_otsenka
45	380	что будет если не оплатить проценты в срок?	oplatit_zaim
46	380	со863201 как оплатить проценты	oplatit_zaim
47	383	здравствуйте, еще можно выкупить или уже нет ?	vikup_do_min_ostatka
48	389	здравствуйте я могу выкупить цепь nan	vikup_do_min_ostatka
49	394	как можно связаться с оператором	svyaz_operator
50	396	здравствуйте! могу ли я оплатить частями залог, если то как?	oplatit_zaim_chast
51	423	скажите, а серьги уже продали?	online_otsenka
52	432	почему оплата процентов не доступна ? со	oplatit_zaim
53	438	здравствуйте! могу я забрать свой залог рр349697?	vikup_do_min_ostatka
54	445	как оплатить частично	oplatit_zaim_chast
55	458	можно ещё выкупить?	vikup_do_min_ostatka
56	460	доброе утро.почему я не могу оплатить проценты?	oplatit_zaim
57	469	связаться с оператором	svyaz_operator
58	479	добрый вечер,а могу ли из залога выкупить одну только вещь?	vikup_do_min_ostatka
59	482	здравствуйте, могу ли я еще оплатить свой займ	oplatit_zaim
60	484	здравствуйте! не могу оплатить проценты!	oplatit_zaim
61	489	доброе утро. до какого числа мне нужно оплатить проценты ?	oplatit_zaim
62	489	завтра я могу оплатить проценты?	oplatit_zaim
63	493	как можно продлить залог	oplatit_zaim
64	498	здравствуйте не могу оплатить , почему?	oplatit_zaim
65	499	здравствуйте, могу я оплатить проценты по залогу чо081152 через 5 дней.	oplatit_zaim
66	518	вы принимаете серебро?	online_otsenka
67	526	здравствуйте. могу ли я еще выкупить кольцо?	online_otsenka
68	532	здравствуйте принимаете ли серебро?	online_otsenka
69	535	номер горячий линий	info
70	543	здравствуйте! почему не доступна оплата? nan	oplatit_zaim
71	561	продлить займ	oplatit_zaim
72	570	здравствуйте! я могу половину процентов оплатить ?	oplatit_zaim_chast
73	570	до какого числа мне надо оплатить проценты ?	oplatit_zaim
74	581	здравствуйте. я ещё могу выкупить?	vikup_do_min_ostatka
75	584	как продлить залог ?	oplatit_zaim
76	589	здравствуйте скажите, можно ли оплатить половину процентов?	oplatit_zaim_chast
77	590	не могу на сайте оплатить проценты	oplatit_zaim
78	598	почему нельзя заплатить процент ?	oplatit_zaim
79	607	здравствуйте, почему я не могу оплатить онлайн	oplatit_zaim
80	614	чо594877 до какого числа проценты надо оплатить?	oplatit_zaim
81	614	спасибо, всё оплачу	oplatit_zaim
82	618	как оплатить онлайн	oplatit_zaim
83	619	до какого числа мне нужно будет оплатить проценты?	oplatit_zaim
84	623	сколько стоит грамм золота?	tsena_zolota
85	641	оператор	svyaz_operator
86	646	здравствуйте,как оплатить проценты онлайн	oplatit_zaim
87	648	здравствуйте. скажите пожалуйста, до какого числа могу оплатить %?	data_zaima
88	649	какой последний день оплаты за займ ? по 2 займам	vikup_do_min_ostatka
89	649	я могу 5 числа оплатить или 4 край надо ?	data_zaima
90	668	здравствуйте как внести побольше сумму не только проценты ?	oplatit_zaim
91	681	здравствуйте могу ли я оплатить часть процентов?	oplatit_zaim
92	687	здравствуйте! как частично погасить проценты?	oplatit_zaim_chast
93	696	дата оплаты процентов	oplatit_zaim
94	699	почему не могу оплатить проценты?	oplatit_zaim
95	711	как оплатить проценты	oplatit_zaim
96	717	здравствуйте я только сегодня могу оплатить процент?	oplatit_zaim
97	718	здравствуйте ,кольцо уже не выкупить ?	online_otsenka
98	762	сн183353 не могу оплатить	oplatit_zaim
99	763	здравствуйте сколько за грамм золота, 585? не лом	tsena_zolota
100	769	спасибо а онлайн его можно будет оплатить?	oplatit_zaim
101	770	залог ещё можно выкупить или его уже нету !	vikup_do_min_ostatka
102	773	могу ли оплатить по этому залогу еще проценты nan	oplatit_zaim
103	782	здравствуйте , как продлить мне займ ?	oplatit_zaim
104	794	добрый день. могу ли я оплатить проценты по этому залогу?	oplatit_zaim
105	796	здравствуйте. прошла оплата процентов	oplatit_zaim
106	802	здравствуйте. как мне можно оплатить 50% через онлайн.	oplatit_zaim
107	810	здравствуйте. можно ли оплатить процент не весь а половину? ??	oplatit_zaim_chast
108	814	оператор ну	svyaz_operator
109	818	здравствуйте а можно оплатить часть процентов	oplatit_zaim
110	824	не могу оплатить по билету	oplatit_zaim
111	828	здравствуйте,не могу оплатить залоговый билет проценты сн	oplatit_zaim
112	830	почему не могу оплатить процент	oplatit_zaim
113	837	почему не могу оплатить проценты	oplatit_zaim
114	846	здравствуйте как я могу оплатить	oplatit_zaim
115	852	здравствуйте, могу ли я ещё выкупить свой займ? nan	vikup_do_min_ostatka
116	856	здравствуйте,а могу я ещё выкупить кольцо?	online_otsenka
117	862	здравствуйте. можно узнать до какого числа у меня залог	data_zaima
118	872	здравствуйте, не могу оплатить %	oplatit_zaim
119	889	здравствуйте почему я не могу оплатить проценты	oplatit_zaim
120	896	здравствуйте, как оплатить через сбп киви?	oplatit_zaim
121	902	добрый день! до какого числа мой залог? заём №со	data_zaima
122	919	оператор здравствуйте	svyaz_operator
123	920	могу я оплатить часть процентов	oplatit_zaim
124	921	сколько стоит грамм золота	tsena_zolota
125	922	почему не могу оплатить проценты? ? ????	oplatit_zaim
126	929	рр043644 вот этот залоговый билет	nayti_bilet
127	955	а что с моим займом 357627 почему я не могу оплатить проценты ? ???	oplatit_zaim
128	960	здравствуйте можно узнать могу ли я оплатить процент не 29.01 числа а поже	oplatit_zaim
129	968	почему я не могу оплатить проценты ?	oplatit_zaim
130	973	почему не могу оплатить? ?	oplatit_zaim
131	974	добрый день. а можно ли оплатить не только проценты но и часть займа?	oplatit_zaim
132	983	добрый день а я еще могу этот билет оплатить?	oplatit_zaim
133	989	почему не возможна оплата процентов?	oplatit_zaim
134	990	добрый день этот займ уже продали?	online_otsenka
135	993	здравствуйте можно оплатить проценты прям сейчас здравствуйте могу я ещё оплатить проценты	oplatit_zaim
136	996	здравствуйте почему я не могу оплатить проценты онлайн?	oplatit_zaim
137	1018	добрый вечер . не могу оплатить проценты	oplatit_zaim
138	1027	как узнать до скольки работает ломбард	info
139	1029	здравствуйте,а я могу ещё выкупить изделия? заём №со	vikup_do_min_ostatka
140	1031	здравствуйте! не могу оплатить проценты по билету со	oplatit_zaim
141	1036	здравствуйте, как оплатить проценты? юг	oplatit_zaim
142	1043	можно продлить займ?	oplatit_zaim
143	1050	как оплатить весь займ онлайн?	oplatit_zaim
144	1063	здравствуйте, почему оплата процентов не доступна?	oplatit_zaim
145	1068	сн200711 до какого числа могу оплатить проценты?	oplatit_zaim
146	1080	здравствуйте я не могу оплатить процент	oplatit_zaim
147	1082	до кого го числа мне оплатить	data_zaima
148	1085	здравствуйте можно частично оплатить?	oplatit_zaim_chast
149	1098	здравствуйте можно ли оплатить проценты по залогу сн 	oplatit_zaim
150	1101	в каком ломбарде???	info
151	1104	я уже оплатила проценты	oplatit_zaim
152	1121	здравствуйте а как узнать адреса?	info
153	1130	здравствуйте, не могу оплатить % за займ,почему?	oplatit_zaim
154	1152	здравствуйте, можно оплатить половину процентов?	oplatit_zaim_chast
155	1169	как заплатить больше процент	oplatit_zaim
156	1171	как оплатить половину процентов	oplatit_zaim_chast
157	1193	здравствуйте скажите пожалуйста до какого числа я могу оплатить проценты?	oplatit_zaim
158	1195	здравствуйте могу ли я выкупить только одно изделие	vikup_do_min_ostatka
159	1207	кокой номера телефонов	svyaz_operator
160	1218	как узнать процент	oplatit_zaim
161	1228	почему процент большой	oplatit_zaim
162	1242	у меня в ломбарде еще 2 займа или только один?	info
163	1247	добрый вечер не могу оплатить процент	oplatit_zaim
164	1252	доброе утро, почему я не могу оплатить?	oplatit_zaim
165	1254	связь с оператором	svyaz_operator
166	1260	здравствуйте а серебро принимаете ?	online_otsenka
167	1263	жду	svyaz_operator
168	1279	почему не доступна оплата процентов? ?	oplatit_zaim
169	1290	здравствуйте. я хотела узнать могу ли я ещё выкупить залог?	vikup_do_min_ostatka
170	1299	сколько оценка грамма золота	tsena_zolota
171	1302	не могу оплатить проценты по залогу	oplatit_zaim
172	1305	номер телефона	svyaz_operator
173	1315	какие ещё способы оплаты есть	oplatit_zaim
174	1319	nan почему оплата % не доступна	oplatit_zaim
175	1360	могу ли я выкупить изделие	vikup_do_min_ostatka
176	1366	не могу оплатить займ онлайн	oplatit_zaim
177	1370	здравствуйте! nan я ещё могу продлить займ ?	oplatit_zaim
178	1381	оценка золота 1,	tsena_zolota
179	1395	почему не могу оплатить частично проценты?	oplatit_zaim_chast
180	1396	товары	smotret_katalog
181	1397	узнать проценты?	oplatit_zaim
182	1399	добрый день. номер залогового билета чч 	nayti_bilet
183	1420	можно ли ещё оплатить проценты сн	oplatit_zaim
184	1421	здравствуйте почему не могу оплатить проценты?	oplatit_zaim
185	1426	могу я оплатить только проценты?	oplatit_zaim
186	1458	здравствуйте не вижу одного билета	nayti_bilet
187	1460	какой процент у моего займа?	oplatit_zaim
188	1461	здравствуйте почему я не могу оплатить процент	oplatit_zaim
189	1465	ответите?	svyaz_operator
190	1468	до скольки сегодня вы работаете	info
191	1469	здравствуйте. почему оплата % не доступна мне?	oplatit_zaim
192	1477	здравствуйте! почему я не могу оплатить проценты онлайн?	oplatit_zaim
193	1481	здравствуйте, не могу оплатить проценты, почему?	oplatit_zaim
194	1491	здравствуйте. скажите пожалуйста могу ли я продлить срок займа?	oplatit_zaim
195	1505	здравствуйте до какого числа нужно оплатить	data_zaima
196	1509	здравствуйте, по какому адресу ломбард , где заём со802517?	info
197	1514	почему не доступна оплата?	oplatit_zaim
198	1515	здравствуйте могу ли я здесь оплатить процент	oplatit_zaim
199	1525	здравствуйте, если я оплачу проценты, залог будет продлен?	oplatit_zaim
200	1562	почему тогда нельзя оплатить проценты по залоговому билету сн598395?	oplatit_zaim
201	1578	не могу оплатить процент по билету со	oplatit_zaim
202	1601	здравствуйте. можно ли оплатить часть процентов	oplatit_zaim
203	1605	добрый день, как можно узнать дату до какого числа нужно оплатить процент? ?	oplatit_zaim
204	1615	здравствуйте, чо336868 хотела бы оплатить проценты	oplatit_zaim
205	1621	как оплатить сумму займа, а не только проценты?	oplatit_zaim
206	1623	цена за грамм 	tsena_zolota
207	1628	что с моим залогом? почему не могу оплатить?	svyaz_operator
208	1629	а как оплатить сам займ	oplatit_zaim
209	1635	почему не могу оплатить процент скажите пожалуйста	oplatit_zaim
210	1655	могу ли я ещё заплатить процент ?	oplatit_zaim
211	1658	здравствуйте.не могу оплатить проценты по билету со 	oplatit_zaim
212	1672	здравствуйте почему не могу оплатить процент	oplatit_zaim
213	1677	здравствуйте хотел поинтересоваться могу ли я ещё кольцо выкупить?	vikup_do_min_ostatka
214	1700	со328743 не могу оплатить проценты	oplatit_zaim
215	1716	здравствуйте скажите пожалуйста а можно проценты больше заплатить	oplatit_zaim
216	1724	почему я не могу оплатить проценты?	oplatit_zaim
217	1734	добрый вечер, я не могу оплатить % рр	oplatit_zaim
218	1736	добрый вечер как частично оплатить процент?	oplatit_zaim_chast
219	1737	как узнать номер билета	nayti_bilet
220	1740	здравствуйте не могу оплатить проценты	oplatit_zaim
221	1741	не вижу свой залог	nayti_bilet
222	1747	здравствуйте работаете	info
223	1749	если я сегодня не оплачу проценты что будет?	oplatit_zaim
224	1752	скажите пожалуйста ещё сколько сейчас стоит 585 за грамм	tsena_zolota
225	1754	не могу оплатить %	oplatit_zaim
226	1757	nan не могу оплатить проценты ?!	oplatit_zaim
227	1759	узнать номер билета	nayti_bilet
228	1759	здравствуйте залоги мои до какого числа	data_zaima
229	1766	здравствуйте почему я сейчас не могу оплатить?	oplatit_zaim
230	1768	если не заплатить проценты, что будет?	oplatit_zaim
231	1778	когда это можно сделать?	svyaz_operator
232	1795	здравствуйте можно ли оплатить половину процентов	oplatit_zaim_chast
233	1800	когда нужно оплатить проценты?	oplatit_zaim
234	1802	здравствуйте можно продлить срок займа?	oplatit_zaim
235	1805	здравствуйте может кто то за меня оплатить проценты ?	oplatit_zaim
236	1808	здравствуйте , я не могу оплатить проценты онлайн	oplatit_zaim
237	1815	nan здравствуйте я оплатила	oplatit_zaim
238	1828	добрый вечер, сколько стоит грамм золота	tsena_zolota
239	1841	здравствуйте. скажите пожалуйста почему не могу оплатить процент	oplatit_zaim
240	1858	хочу оплатить только процент	oplatit_zaim
241	1872	здравствуйте. когда будет возможна оплата процентов?	oplatit_zaim
242	1874	выкупить залог	vikup_do_min_ostatka
243	1880	ч0078075 не могу оплатить проценты почему?	oplatit_zaim
244	1906	добрый вечер. до какого числа я могу оплатить займы?	data_zaima
245	1908	сколько стоит 1 грамм золота для залога	tsena_zolota
246	1943	когда можно выкупить?	vikup_do_min_ostatka
247	1952	тест хотела оплатить проценты	oplatit_zaim
248	1964	здравствуйте у меня займ до 26.01 , можно будет продлить срок?	oplatit_zaim
249	1973	nan это я тоже оплатила 02.01.	oplatit_zaim
250	1975	могу ли я продлить срок займа?	oplatit_zaim
251	2009	здравствуйте, почему не могу оплатить ?онлайн	oplatit_zaim
252	2014	здравствуйте.как оплатить 50 % ???	oplatit_zaim
253	2022	до какого числа у меня залоги?	data_zaima
254	2031	оператор оператор	svyaz_operator
255	2038	можно ли оплатить проценты частями?	oplatit_zaim
256	2046	здравствуйте связь с оператором	svyaz_operator
257	2051	здравствуйте, как оплатить часть залога?	oplatit_zaim_chast
258	2060	добрый день почему не доступна оплата процентов?	oplatit_zaim
259	2073	добрый день как мне оплатить проценты	oplatit_zaim
260	2076	добрый день! как мне оплатить проценты по данному залогу.?	oplatit_zaim
261	2095	здравствуйте до какого мне нужно оплатит %?	oplatit_zaim
262	2122	купить лом,цена за гр	smotret_katalog
263	2132	как продлить договор	oplatit_zaim
264	2138	как мне оплатить на сайте	oplatit_zaim
265	2154	здравствуйте, как продлить срок займа	oplatit_zaim
266	2193	здравствуйте оператора можно	svyaz_operator
267	2204	как онлайн оплатить проценты?	oplatit_zaim
268	2208	почему оплата процентов не доступен	oplatit_zaim
269	2210	почему не могу оплатить?	oplatit_zaim
270	2212	график работы	info
271	2215	сегодня до скольки работаете	info
272	2217	график работы?	info
273	2226	здравствуйте,как продлить срок займа?	oplatit_zaim
274	2235	как узнать номер билета?	nayti_bilet
275	2238	здравствуйте . какой процент ?	oplatit_zaim
276	2247	здравствуйте, я могу ещё выкупить свое изделие?	vikup_do_min_ostatka
277	2250	здравствуйте, я могу проценты завтра оплатить?	oplatit_zaim
278	2255	добрый вечер, как узнать номер залогового билета?	nayti_bilet
279	2258	здравствуйте почему я не могу оплатить больше процента ?	oplatit_zaim
280	2264	здравствуйте! у меня было два залогового билета, я вижу на сайте тол ко один?	nayti_bilet
281	2268	здравствуйте, можно ли оплатить часть процентов	oplatit_zaim
282	2276	как узнать последний день оплаты ?	vikup_do_min_ostatka
283	2282	часы работы	rabota
284	2292	добрый день!могу ли я оплатить проценты только через 2 мес, а не через 1?	oplatit_zaim
285	2296	могу ли я оплатить проценты по залоговому билету чч108369 11. 01.23.	oplatit_zaim
286	2298	сколько стоит грамм золото сейчас?	tsena_zolota
287	2323	можно завтра оплатить проценты?	oplatit_zaim
288	2346	чо493815 оплата процентов	oplatit_zaim
289	2356	сколько стоит грамм золота 375 проба	tsena_zolota
290	2357	здравствуйте вы сегодня работаете	info
291	2364	я могу оплатить сейчас?	oplatit_zaim
292	2369	спасибо здравствуйте как можно оплатить часть займа? ?	oplatit_zaim_chast
293	2374	оплата процентов	oplatit_zaim
294	2376	здравствуйте сегодня работают	info
295	2385	здравствуйте,как оплатить частично?	oplatit_zaim_chast
296	2401	здравствуйте почему я не могу оплатить проценты?	oplatit_zaim
297	2410	заём №со601012 ионк ли я его выкупить могу	vikup_do_min_ostatka
298	2414	как можно узнать номер залогового билета	nayti_bilet
299	2430	здравствуйте! как я могу оплатить проценты частично?	oplatit_zaim_chast
300	2446	а как продлить?	oplatit_zaim
301	2454	здравствуйте как оплатить займ?	oplatit_zaim
302	2457	как оплатить 50%	oplatit_zaim
303	2467	здравствуйте, почему я не могу оплатить свой залог	svyaz_operator
304	2468	доброе утро! а вы сегодня работаете ?	info
305	2473	здравствуйте,где узнать какой процент по моим займам,	oplatit_zaim
306	2493	здравствуйте. работаю ли сегодня	info
307	2506	почему я не могу оплатить проценты и продлить залог	oplatit_zaim
308	2513	здравствуйте как оплатить проценты ?	oplatit_zaim
309	2530	спасибо добрый день работаете ?	info
310	2544	здравствуйте! как продлить займ	oplatit_zaim
311	2549	не могу оплатить займ	oplatit_zaim
312	2551	добрый день сегодня работаете?	info
313	2558	оплата	oplatit_zaim
314	2565	то есть до 23:59 я могу оплатить??	oplatit_zaim
315	2567	то есть изделие еще можно выкупить?	vikup_do_min_ostatka
316	2570	добрый день) вы принимаете серебро?	online_otsenka
317	2578	почему нельзя оплатить проценты	oplatit_zaim
318	2579	здравствуйте. как узнать до какого числа у меня залог?	data_zaima
319	2583	а когда будет доступна оплата?	oplatit_zaim
320	2587	номер горячей линии	info
321	2594	напишут или позвонят?	info
322	2595	почему не могу оплатить проценты онлайн?	oplatit_zaim
323	2615	здравствуйте, могу ли я ещё выкупить эти изделия	vikup_do_min_ostatka
324	2616	не могу оплатить онлайн	oplatit_zaim
325	2619	добрый вечер а как узнать оплачен ли процент онлайн за залог?	oplatit_zaim
326	2635	№сн543607 можно ли проценты заплатить, пожалуйста?	oplatit_zaim
327	2644	здравствуйте, могу ли его выкупить?	vikup_do_min_ostatka
328	2659	почему на могу оплатить займ онлайн не могу	oplatit_zaim
329	2664	почему не могу оплатить займ?	oplatit_zaim
330	2667	сн251927 можно залоговый билет	nayti_bilet
331	2668	залоговый билет	nayti_bilet
332	2670	чо050931 он ещё в ломбарде?	info
333	2676	ой спасибо большое через сайт тоже можно оплатить процент	oplatit_zaim
334	2681	здравствуйте. я могу ещё оплатить проценты? или уже нет.	oplatit_zaim
335	2684	оператора	svyaz_operator
336	2725	как оплатить через сайт ?	oplatit_zaim
337	2727	добрый вечер. можно оплатить 28 по билету?	oplatit_zaim
338	2727	почему не доступна оплата процентов?	oplatit_zaim
339	2738	здравствуйте, почему я не могу оплатить проценты онлайн?	oplatit_zaim
340	2744	как связаться с оператором	svyaz_operator
341	2751	как оплатить часть займа?	oplatit_zaim_chast
342	2763	как продлить срок займа?	oplatit_zaim
343	2783	здравствуйте , как забрать залог ?	vikup_do_min_ostatka
344	2786	здравствуйте, не могу оплатить процент по залогу ?	oplatit_zaim
345	2792	не проходит оплата	svyaz_operator
346	2800	здравствуйте скажите пожалуйста до какого числа мои 3 залога?	data_zaima
347	2801	здравствуйте, почему не возможна оплата процентов ? ? nan	oplatit_zaim
348	2802	сн021558 написано , что оплата % пока не доступна	oplatit_zaim
349	2804	здравствуйте. можно ли продлить займ?	oplatit_zaim
350	2805	как я могу частично погасить	oplatit_zaim_chast
351	2819	добрый день! как оплатить процент?	oplatit_zaim
352	2822	здравствуйте. у меня займ до 25.12 я завтра могу оплатить проценты?	oplatit_zaim
353	2826	добрый день не могу оплатить проценты	oplatit_zaim
354	2837	если я не помню номер билета?	nayti_bilet
355	2845	если 100 руб то на них тоже есть проценты?	oplatit_zaim
356	2859	здравствуйте можно ли оплатить только проценты ?	oplatit_zaim
357	2864	здравствуйте не могу оплатить онлайн	oplatit_zaim
358	2876	а этот залог со054756 я могу выкупить? ? ?	vikup_do_min_ostatka
359	2876	хорошо я могу оплатить онлайн процент за него? ?	oplatit_zaim
360	2915	можно ли оплатить проценты частично?	oplatit_zaim_chast
361	2917	можно ли оплатить проценты частично ?	oplatit_zaim_chast
362	2921	здравствуйте можно ли продлить залог?	oplatit_zaim
363	2924	у меня в залоге 2 вещи, можно ли выкупить пока одну	vikup_do_min_ostatka
364	2944	здравствуйте,когда будет доступна оплата процентов?	oplatit_zaim
365	2952	почему оплата % не доступна	oplatit_zaim
366	2974	как оплатить проценты по qr коду по сбп ?	oplatit_zaim
367	2982	здравствуйте, почему не могу оплатить проценты?	oplatit_zaim
368	2996	здравствуйте еще можно оплатить проценты по залогу?	oplatit_zaim
369	3002	как оплатить часть процентов	oplatit_zaim
370	3005	почему не доступно оплата процента	oplatit_zaim
371	3014	как оплатить частично проценты	oplatit_zaim_chast
372	3018	здравствуйте скажите пожалуйста почему я не могу оплатить проценты через онлайн ?	oplatit_zaim
373	3030	как я могу выкупить это залог с	vikup_do_min_ostatka
374	3056	здравствуйте. когда будет доступна оплата процентов на сайте?	oplatit_zaim
375	3056	рр581012 я не могу оплатить проценты	oplatit_zaim
376	3070	оператор ?	svyaz_operator
377	3071	добрый вечер,я еще могу оплатить %,или уже всё?	oplatit_zaim
378	3087	здравствуйте, а почему ничего не оплатить?	oplatit_zaim
379	3089	здравствуйте, я могу оплатить половину процентов?	oplatit_zaim_chast
380	3093	здравствуйте, можно связь с оператором	svyaz_operator
381	3095	как оплатить проценты на сайте	oplatit_zaim
382	3103	могу ли я выкупить	vikup_do_min_ostatka
383	3119	спасибо можно узнать проценты по зб со 117247 и со120456 на 04.01.2023 здравствуйте	oplatit_zaim
384	3129	добрый день! уже продали кольцо?	online_otsenka
385	3136	могу ли я выкупить только одну вещь?	vikup_do_min_ostatka
386	3138	как оплатить проценты ау	oplatit_zaim
387	3145	добрый день! серебро принимаете?	online_otsenka
388	3151	как узнать оплачены ли проценты или нет?	oplatit_zaim
389	3159	здравствуйте мне нужно оплатить проценты	oplatit_zaim
390	3169	можно мне ваш номер телефона	svyaz_operator
391	3179	здравствуйте какая оценка сейчас за грамм?	tsena_zolota
392	3188	здравствуйте, как могу оплатить проценты частично	oplatit_zaim_chast
393	3192	цена за грамм для меня	tsena_zolota
394	3202	здравствуйте можно продлить	oplatit_zaim
395	3211	почему я не могу оплатить проценты	oplatit_zaim
396	3216	как оплатить только процент ?	oplatit_zaim
397	3218	как оплатить проценты онлайн	oplatit_zaim
398	3220	как оплатить проценты частично?	oplatit_zaim_chast
399	3239	почему нельзя оплатить процент? nan	oplatit_zaim
400	3242	позвоните еще раз	info
401	3243	? вы можете позвонить ?	info
402	3249	nan я ещё могу выкупить	vikup_do_min_ostatka
403	3256	здравствуйте, как узнать номер залогового билета?	nayti_bilet
404	3259	здравствуйте почему я не могу оплатить % онлайн	oplatit_zaim
405	3262	как погасить частично займ	oplatit_zaim_chast
406	3264	как оплатить долг частично, а не только проценты	oplatit_zaim_chast
407	3273	почему я не могу оплатить	oplatit_zaim
408	3284	здравствуйте. не могу оплатить проценты чч	oplatit_zaim
409	3297	можно оплатить проценты по фио	oplatit_zaim
410	3300	как оплатить процент?	oplatit_zaim
411	3311	его ещё можно продлить или уже всё	oplatit_zaim
412	3351	здравствуйте! до кого числа можно оплатить проценты ?	oplatit_zaim
413	3352	спасибо здравствуйте. почему я не могу оплатить % по залоговому билету?	nayti_bilet
414	3359	оплатить проценты	oplatit_zaim
415	3361	здравствуйте можно узнать когда оплатили за этот займ чч	oplatit_zaim
416	3367	почему не могу оплатить ???	oplatit_zaim
417	3379	заплатить процент	oplatit_zaim
418	3409	оплатить 50%	oplatit_zaim
419	3426	здравствуйте как продлить мои залоги?	oplatit_zaim
420	3434	здравствуйте. скажите почему я не могу оплатить проценты по залоговому билету. чч 068337.	oplatit_zaim
421	3444	как оплатить проценты?	oplatit_zaim
422	3457	здравствуйте, я оплачу проценты завтра можно?	oplatit_zaim
423	3459	почему оплата процентов не доступна	oplatit_zaim
424	3474	цена за грамм	tsena_zolota
425	3476	добрый вечер можно узнать о наличии	smotret_katalog
426	3495	здравствуйте можно ли выкупить залог?	vikup_do_min_ostatka
427	3497	узнать проценты	oplatit_zaim
428	3499	как оплатить процент по залогу	oplatit_zaim
429	3504	здравствуйте узнать номер залогового билета	nayti_bilet
430	3509	как оплатить проценты на сайте частично	oplatit_zaim_chast
431	3512	здравствуйте, мне нужно оплатить процент	oplatit_zaim
432	3521	здравствуйте как можно оплатить проценты	oplatit_zaim
433	3537	добрый день не могу частично оплатить проценты .	oplatit_zaim_chast
434	3542	здравствуйте хотел выкупить свои изделия	vikup_do_min_ostatka
435	3545	здравствуйте, до какого числа у меня залог?	data_zaima
436	3552	могу ли я продлить договор	oplatit_zaim
437	3553	здравствуйте! можно ли продлить займ?	oplatit_zaim
438	3559	добрый день, почему я не могу оплатить проценты ?	oplatit_zaim
439	3564	как оплатить займ	oplatit_zaim
440	3614	почему не доступна оплата процентов	oplatit_zaim
441	3615	здравствуйте сколько сейчас стоит грамм	tsena_zolota
442	3616	когда ответят по оценке ?	svyaz_operator
443	3621	курс золота	tsena_zolota
444	3624	можно ли выкупить этот билет?	vikup_do_min_ostatka
445	3628	nan здравствуйте я могу его выкупить?	vikup_do_min_ostatka
446	3637	добрый день можно узнать я ещё кольцо могу выкупить	online_otsenka
447	3657	можно ли оплатить частично	oplatit_zaim_chast
448	3672	залог со 148948 не могу оплатить проценты	oplatit_zaim
449	3677	здравствуйте, могу ли я еще выкупить кольцо?	online_otsenka
450	3680	как оплатить займ до 100 р	oplatit_zaim
451	3681	не могу оплатить почему?	oplatit_zaim
452	3683	здравствуйте как оплатить проценты онлайн?	oplatit_zaim
453	3687	здравствуйте почему я не могу оплатить проценты по фз со	oplatit_zaim
454	3723	здравствуйте, до какого числа я могу оплатить займ?	data_zaima
455	3725	как мне оплатить %	oplatit_zaim
456	3752	здравствуйте как позвонить	info
457	3756	здравствуйте,как частично погасить проценты?	oplatit_zaim_chast
458	3778	здравствуйте. почему на сайте оплата процентов пока не возможна?	oplatit_zaim
459	3778	здравствуйте могу ли я оплатить часть процентов ?	oplatit_zaim
460	3791	здравствуйте, могу ли я выкупить изделие?	vikup_do_min_ostatka
461	3802	здравствуйте я могу еще заплатить процент?	oplatit_zaim
462	3809	здравствуйте почему не могу оплатить проценты ? ???	oplatit_zaim
463	3819	вечер добрый. могу продлить займ?	oplatit_zaim
464	3823	нужен оператор	svyaz_operator
465	3831	здравствуйте,могу ли я онлайн оплатить залог свой? процент?	oplatit_zaim
466	3834	как частично оплатить проценты	oplatit_zaim_chast
467	3841	могу ли я ещё выкупить своё изделие	vikup_do_min_ostatka
468	3841	 уже не выкупить?	vikup_do_min_ostatka
469	3860	хорошо жду	svyaz_operator
470	3866	как оплатить половину процентов?	oplatit_zaim_chast
471	3870	здравствуйте а до скольки вы работаете ???	info
472	3872	здравствуйте серебро принимаете	online_otsenka
473	3878	добрый день до какого числа у меня залог ? со	data_zaima
474	3888	сколько стоит один грамм золота	tsena_zolota
475	3894	почему я не могу оплатить займ?	oplatit_zaim
476	3904	здравствуйте нужен оператор	svyaz_operator
477	3906	здравствуйте а как узнать до какого можно выкупить?	vikup_do_min_ostatka
478	3910	как мне выкупить кольцо	online_otsenka
479	3912	могу оплатить до 06.01?	oplatit_zaim
480	3915	здравствуйте можно ли оплатить процент онлайн	oplatit_zaim
481	3918	как частично можно оплатить долг	oplatit_zaim_chast
482	3921	как оплатить только проценты	oplatit_zaim
483	3941	а серебро принимаете?	online_otsenka
484	3944	оплатил процент	oplatit_zaim
485	3979	как погасить займ частично?	oplatit_zaim_chast
486	3982	здравствуйте. почему оплата по процентам не доступна? nan	oplatit_zaim
487	3987	могу выкупить?	vikup_do_min_ostatka
488	3992	добрый день, как оплатить часть процентов?	oplatit_zaim
489	4004	рр677096 почему оплата не доступна?	oplatit_zaim
490	4011	здравствуйте могу ли я оплатить 50% от процентов	oplatit_zaim
491	4012	какой процент по займам?	oplatit_zaim
492	4019	на вопрос так и не ответили.	svyaz_operator
493	4033	добрый день выкупить смогу еще	vikup_do_min_ostatka
494	4033	продлить можно?	oplatit_zaim
495	4054	спасибо как мне оплатить часть процентов	oplatit_zaim
496	4056	как продлить займ?	oplatit_zaim
497	4065	добрый вечер, я могу частично оплатить проценты?	oplatit_zaim_chast
498	4106	только в том ломбарде ,где был займ ?	info
499	4111	как оплатить онлайн?	oplatit_zaim
500	4118	здравствуйте оплата не проходит со	svyaz_operator
501	4119	здравствуйте!как можно оплатить проценты?	oplatit_zaim
502	4122	спасибо как забрать займ ?	vikup_do_min_ostatka
503	4126	как оплатить займ онлайн	oplatit_zaim
504	4130	добрый день, можно еще оплатить проценты?	oplatit_zaim
505	4139	какой процент в день заём №чо	oplatit_zaim
506	4146	почему не могу оплатить %?	oplatit_zaim
507	4166	здравствуйте,прошла ли оплата процентов?	oplatit_zaim
508	4167	по чему нельзя оплатить онлайн	oplatit_zaim
509	4171	здравствуйте, как я могу продлить срок договора	oplatit_zaim
510	4186	добрый день почему не могу оплатить проценты?	oplatit_zaim
511	4199	как оплатить процент???	oplatit_zaim
512	4201	здравствуйте, как можно оплатить побольше	oplatit_zaim
513	4211	билет чо289552 можно выкупить?	vikup_do_min_ostatka
514	4234	почему я не могу оплатить процент?	oplatit_zaim
515	4241	кольцо еще можно выкупить?	online_otsenka
516	4250	почему я не могу оплатить займ	oplatit_zaim
517	4252	оператора ? оператора	svyaz_operator
518	4269	здравствуйте, могу ли выкупить здравствуйте	vikup_do_min_ostatka
519	4276	заём №юг630651 здравствуйте скажите могу я оплатить проценты 28.11? не уйдёт на торги ?	oplatit_zaim
520	4278	добрый день, почему то не вижу в лк свой залоговый билет чч	nayti_bilet
521	4279	как оплатить частично?	oplatit_zaim_chast
522	4289	как узнать номер залогового билета	nayti_bilet
523	4299	здравствуйте,почему я не могу онлайн оплатить проценты?	oplatit_zaim
524	4311	добрый день. как узнать номер своего билета?	nayti_bilet
525	4319	почему я не могу оплатить часть займа?	oplatit_zaim_chast
526	4340	узнать процент по оплате?	oplatit_zaim
527	4359	здравствуйте можно узнать номер залогового билета	nayti_bilet
528	4361	как оплатить проценты.?	oplatit_zaim
529	4398	добрый день до какого числа у меня залог	data_zaima
530	4401	здравствуйте, почему я не могу оплатить проценты?	oplatit_zaim
531	4402	спасибо большое, за вашу помощь.	svyaz_operator
532	4403	???? жду спасибо	svyaz_operator
533	4420	как оплатить только проценты?	oplatit_zaim
534	4421	здравствуйте не могу заплатить проценты	oplatit_zaim
535	4422	здравствуйте хотел бы выкупить изделия	vikup_do_min_ostatka
536	4431	добрый день не могу на сайте оплатить проценты по залогу чч	oplatit_zaim
537	4437	не могу оплату проценты	oplatit_zaim
538	4445	как его оплатить	oplatit_zaim
539	4446	по всем трём залоговым билетам до 21.12.2022?	nayti_bilet
540	4451	как оплатить часть процентов?	oplatit_zaim
541	4467	здравствуйте, хотела оплатить процент,	oplatit_zaim
542	4480	добрый день! как оплатить проценты?	oplatit_zaim
543	4494	здравствуйте, как я могу оплатить проценты частично?	oplatit_zaim_chast
544	4501	спасибо вам большое, а как сейчас на сайте можно оплатить половину процентов?	oplatit_zaim_chast
545	4516	добрый день не вижу в лк билеты	nayti_bilet
546	4519	т.е и до 6.12. оплата процентов?	oplatit_zaim
547	4523	как выкупить свои изделия?	vikup_do_min_ostatka
548	4543	почему я не могу оплатить больше чем проценты	oplatit_zaim
549	4555	почему не могу оплатить проценты здравствуйте	oplatit_zaim
550	4570	как оплатить процент	oplatit_zaim
551	4579	можно ли выкупить залог	vikup_do_min_ostatka
552	4592	а скажите пожалуйста как продлить срок	oplatit_zaim
553	4594	выкупить	vikup_do_min_ostatka
554	4614	здравствуйте, где можно узнать номер билета	nayti_bilet
555	4618	здравствуйте я не могу оплатить	oplatit_zaim
556	4631	здравствуйте, как оплатить частично проценты на сайте?	oplatit_zaim_chast
557	4643	как оплатить залог	svyaz_operator
558	4658	почему не доступна оплата займа?	oplatit_zaim
559	4679	продаж нет что ли у вас?	online_otsenka
560	4696	здравствуйте, я могу продлить договор	oplatit_zaim
561	4696	если не смогу оплатить процент	oplatit_zaim
562	4705	здравствуйте, залог можно ещё выкупить? 	vikup_do_min_ostatka
563	4720	здравствуйте, как оплатить частями	oplatit_zaim_chast
564	4729	почему оплата процентов пока не возможна?	oplatit_zaim
565	4731	чек об оплате	oplatit_zaim
566	4753	узнать когда последний срок оплаты	vikup_do_min_ostatka
567	4772	здравствуйте!не могу оплатить залог	svyaz_operator
568	4773	добрый день!можно оплатить половину процентов? ?	oplatit_zaim_chast
569	4779	здравствуйте я не могу оплатить проценты почему?	oplatit_zaim
570	4782	до какого числа мне нужно оплатить проценты,	oplatit_zaim
571	4783	почему не могу оплатить процент ?	oplatit_zaim
572	4795	здравствуйте как можно через сайт продлить займ?	oplatit_zaim
573	4797	хочу оплатить больше чем проценты	oplatit_zaim
574	4798	сколько стоит грамм золота 	tsena_zolota
575	4799	какой срок займа на золото?	tsena_zolota
576	4807	не вижу свой билет	nayti_bilet
577	4853	здравствуйте оплата процентов прошла?	oplatit_zaim
578	4858	здравствуйте вы работаете 23 	info
579	4859	узнать номер залогового билета	nayti_bilet
580	4861	выкупить одно изделие как	vikup_do_min_ostatka
581	4864	оплата по qr коду	oplatit_zaim
582	4865	как узнать номер своего залогового билета	nayti_bilet
583	4894	здравствуйте, я могу ещё выкупить свои кольца?	online_otsenka
584	4900	здравствуйте ,почему я не могу оплатить проценты?	oplatit_zaim
585	4904	как оплатить больше чем процент	oplatit_zaim
586	4936	здравствуйте, скажите пожалуйста могу ли я сейчас оплатить проценты по этому залогу?	oplatit_zaim
587	4942	добрый вечер, можно ли продлить договор?	oplatit_zaim
588	4952	здравствуйте, можно ли ещё забрать залог?	vikup_do_min_ostatka
589	4974	здравствуйте, почему не доступна оплата процентов?	oplatit_zaim
590	4994	спасибо большое! сейчас так и сделаю.	svyaz_operator
591	4996	спасибо за помощь!	svyaz_operator
592	5042	здравствуйте. до какого числа залог	data_zaima
593	5055	здравствуйте сколько сейчас стоит 585 проба грамм золота	tsena_zolota
594	5072	здравствуйте,если я не выкупила свою вещь,что с ней будет	vikup_do_min_ostatka
595	5082	сколько стоит один грамм золота?	tsena_zolota
596	5102	как оплатить	oplatit_zaim
597	5110	можно продлить срок займа?	oplatit_zaim
598	5117	как оплатить полностью сумму?	vikup_do_min_ostatka
599	5136	оплатил проценты	oplatit_zaim
600	5154	адреса в уфе	info
601	5208	nan добрый вечер почему нельзя оплатить проценты?	oplatit_zaim
602	5209	как оплатить %	oplatit_zaim
603	5210	здравствуйте. как оплатить проценты?	oplatit_zaim
604	5216	как оплатить дома? процент залога	oplatit_zaim
605	5219	здравствуйте. почему до сих пор не оплатить проценты?	oplatit_zaim
606	5243	могу я продлить займ?	oplatit_zaim
607	5253	здравствуйте можно ли оплатить только %по залог?	svyaz_operator
608	5255	здравствуйте,почему не могу оплатить проценты?	oplatit_zaim
609	5263	добрый день а можно как-то продлить займ чч262220?	oplatit_zaim
610	5270	скажите пожалуйста номер моего залогового билета	nayti_bilet
611	5284	оплатить процент могу?	oplatit_zaim
612	5287	добрый день, оператор	svyaz_operator
613	5290	можно ли продлить срок договора?	oplatit_zaim
614	5300	напиши мои билеты залоговые	nayti_bilet
615	5323	не могу найти залоговый билет	nayti_bilet
616	5328	залоговый билет не найден nan	nayti_bilet
617	5332	можно узнать номер залогового билета	nayti_bilet
618	5348	если нет номер билета	nayti_bilet
619	5355	когда можно оплатить?	oplatit_zaim
620	5366	заплатить проценты	oplatit_zaim
621	5370	не могу найти свой залог рр	nayti_bilet
622	5372	здравствуйте я не могу найти свой залоговый билет	nayti_bilet
623	5383	добрый день,не могу оплатить проценты залоговый билет со	oplatit_zaim
624	5384	как оплатить часть займа спасибо	oplatit_zaim_chast
625	5389	не могу найти свой залоговый билет	nayti_bilet
626	5413	добрый день. у меня было два залога. сейчас я их не вижу. почему?	nayti_bilet
627	5482	здравствуйте. могу ли оплатить проценты?	oplatit_zaim
628	5523	как я могу оплатить проценты	oplatit_zaim
629	5531	не могу частично погасить займ	oplatit_zaim_chast
630	5546	здравствуйте! как оплатить проценты частично?	oplatit_zaim_chast
631	5550	я не могу оплатить залог	svyaz_operator
632	5571	сколько стоит грамм золота 585 пробы	tsena_zolota
633	5577	я заплатила процент	oplatit_zaim
634	5579	добрый день не могу оплатить залоговый билет	nayti_bilet
635	5584	почему я не могу оплатить часть залога?!	oplatit_zaim_chast
636	5595	как можно выкупить залог? рр 421877,рр421878, рр421901 и рр 	vikup_do_min_ostatka
637	5625	залоговые билеты мои	nayti_bilet
638	5628	здравствуйте. я ещё могу выкупить этот залог?	vikup_do_min_ostatka
639	5641	как оплатить полностью? ?	vikup_do_min_ostatka
640	5648	спасибо то есть до 22.03 могу оплатить проценты?	oplatit_zaim
641	5650	скажите пожалуйста оплата проходит через какой банк	svyaz_operator
642	5655	здравствуйте,могу ли я продлить срок договора	oplatit_zaim
643	5670	почему не проходит оплата	svyaz_operator
644	5672	здравствуйте можно оператора	svyaz_operator
645	5697	как узнать до какого числа нужно оплатить процент	oplatit_zaim
646	5707	здравствуйте, можете мне позвонить	info
647	5717	здравствуйте здесь можно оплатить долг	oplatit_zaim
648	5725	как оплатить больше ?	oplatit_zaim
649	5730	добрый день как оплатить займ онлайн?	oplatit_zaim
650	5736	если проценты сегодня не оплатить что будет?	oplatit_zaim
651	5742	как оплатить билет	oplatit_zaim
652	5743	где найти мои залоговые билеты	nayti_bilet
653	5745	здравствуйте,можно продлить срок займа ?	oplatit_zaim
654	5764	как продлить срок займа эй ау	oplatit_zaim
655	5765	как продлить срок займа	oplatit_zaim
656	5774	здравствуйте,оператор	svyaz_operator
657	5781	как полностью оплатить ?	vikup_do_min_ostatka
658	5787	я могу узнать до какого числа мне оплатить проценты	oplatit_zaim
659	5789	можно ли продлить займ на 1 день	oplatit_zaim
660	5794	почему не могу оплатить онлайн	oplatit_zaim
661	5796	здравствуйте, как можно продлить срок займа	oplatit_zaim
662	5817	здравствуйте сколько стоит грамм золота 585?	tsena_zolota
663	5819	здравствуйте когда я смогу оплатить на сайте?	oplatit_zaim
664	5831	как узнать номер своего билета	nayti_bilet
665	5834	добрый день! я могу оплатить проценты по билету сн600207?	oplatit_zaim
666	5835	добрый вечер почему я не могу оплатить сумму больше чем проценты?	oplatit_zaim
667	5843	как оплатить больше, чем проценты	oplatit_zaim
668	5847	как полностью оплатить займ?	vikup_do_min_ostatka
669	5867	добрый вечер, как я могу оплатить часть процентов?	oplatit_zaim
670	5869	добрый вечер а как оплатить только проценты?	oplatit_zaim
671	5928	как частично погасить займ?	oplatit_zaim_chast
672	5935	как я могу продлить займ?	oplatit_zaim
673	5940	здравствуйте. пожалуйста, напишите ваш режим работы 08.03.	info
674	5951	здравствуйте до какого числа у займ нужно оплатить ?	data_zaima
675	5986	ау связаться с оператором	svyaz_operator
676	5990	здравствуйте до скольки сегодня работают офисы	info
677	5995	не могу оплатить проценты по залоговому билету	oplatit_zaim
678	6005	здравствуйте! как оплатить проценты онлайн?	oplatit_zaim
679	6028	кольцо еще можно выкупить	online_otsenka
680	6038	здравствуйте скажите пожалуйста если я сегодня не смогу оплатить процент что будет ?	oplatit_zaim
681	6040	ра072883 до какого числа нужно оплатить проценты	oplatit_zaim
682	6040	до какого числа нужно оплатить проценты ра	oplatit_zaim
683	6040	до какого числа оплачены проценты ра	oplatit_zaim
684	6056	здравствуйте почему не могу оплатить проценты ?	oplatit_zaim
685	6071	доброе утро. до кого числа надо оплатить проценты?	oplatit_zaim
686	6102	добрый день вопрос по залоговому билету	nayti_bilet
687	6113	здравствуйте,как оплатить онлайн?	oplatit_zaim
688	6146	доброй ночи! это кольцо продали?	online_otsenka
689	6146	добрый день! это кольцо продано?	online_otsenka
690	6152	здравствуйте, как выкупить этот залог	vikup_do_min_ostatka
691	6179	до какого числа я еще могу оплатить свои займы??	data_zaima
692	6185	здравствуйте а до скольки сегодня работаете	info
693	6188	можно ли погасить проценты частично?	oplatit_zaim_chast
694	6191	оплата процентов прошла?	oplatit_zaim
695	6194	надо продлить договор	oplatit_zaim
696	6195	здравствуйте как оплатить сумму больше чем проценты?	oplatit_zaim
697	6207	pp661554 залог до какого числа?	data_zaima
698	6209	как оплатить проценты за займ	oplatit_zaim
699	6220	изделия можно выкупить где-то ?	vikup_do_min_ostatka
700	6233	здравствуйте почему не проходит оплата	svyaz_operator
701	6239	как оплатить процент и плюс сумма	oplatit_zaim
702	6253	спасибо, сегодня оплачу проценты	oplatit_zaim
703	6253	когда будет доступна оплата процентов	oplatit_zaim
704	6279	здравствуйте. все проценты заплатила!?	oplatit_zaim
705	6281	добрый день когда последний день оплаты ?	vikup_do_min_ostatka
706	6317	до скольки работает он?	info
707	6323	как можно оплатить часть займа?	oplatit_zaim_chast
708	6329	сколько стоит 1 грамм золота 	tsena_zolota
709	6341	здравствуйте не помню номеров билета	nayti_bilet
710	6363	здравствуйте могу ли я оплатить займ?	oplatit_zaim
711	6372	добрый день как продлить срок займа? со	oplatit_zaim
712	6410	здравствуйте, как оплатить проценты онлайн?	oplatit_zaim
713	6416	как найти залоговые билеты	nayti_bilet
714	6417	здравствуйте, как оплатить сумму больше чем проценты?	oplatit_zaim
715	6426	здравствуйте до скольки работаете	info
716	6427	как найти свои залоги	nayti_bilet
717	6444	я могу полностью оплатить ?	vikup_do_min_ostatka
718	6457	здравствуйте. почему я не могу оплатить онлайн проценты?	oplatit_zaim
719	6459	как оплатить больше не только проценты	oplatit_zaim
720	6460	добрый день до какого числа я могу оплатить проценты ?	oplatit_zaim
721	6461	а как узнать номер билета?	nayti_bilet
722	6463	добрый день я оплатил проценты по всём займам?	oplatit_zaim
723	6477	здравствуйте у меня срок до 17 марта можно будет 17 марта и оплатить	oplatit_zaim
724	6493	здравствуйте, а как оплатить проценты	oplatit_zaim
725	6493	как оплатить сейчас проценты?	oplatit_zaim
726	6495	добрый день почему я не могу оплатить проценты,	oplatit_zaim
727	6502	какой процент за 45 дней?	oplatit_zaim
728	6503	почему оплата процентов не доступна?	oplatit_zaim
729	6508	как узнать дату оплаты	oplatit_zaim
730	6530	почему не могу оплатить проценты по залогу ?	oplatit_zaim
731	6549	оплата процентов не доступна ?	oplatit_zaim
732	6553	почему я не могу оплатить проценты онлайн ?	oplatit_zaim
733	6563	здравствуйте !почему не доступна оплата процентов ?	oplatit_zaim
734	6569	для скольких работает ломбард?	info
735	6578	как оплатить часть займах?	oplatit_zaim_chast
736	6585	режим работы	info
737	6591	не могу оплатить проценты онлайн	oplatit_zaim
738	6603	здравствуйте как оплатить займы частично?	oplatit_zaim_chast
739	6610	здравствуйте я могу продлить срок займа ?	oplatit_zaim
740	6611	здравствуйте,хочу оплатить проценты но не могу	oplatit_zaim
741	6626	здравствуйте можно ли оплатить билет 50% на сайте?	oplatit_zaim
742	6627	здравствуйте не могу оплатить займ как мне быть ?	oplatit_zaim
743	6628	могу ли я оплатить проценты завтра? здравствуйте	oplatit_zaim
744	6630	добрый день! сколько сейчас стоит 1 грамм золота 	tsena_zolota
745	6637	когда нужно выкупить	vikup_do_min_ostatka
746	6646	здравствуйте. как узнать где мои залоговые билеты?	nayti_bilet
747	6658	здравствуйте, скажите пожалуйста, могу ли я заплатить процент?	oplatit_zaim
748	6660	частично погасить нельзя ???	oplatit_zaim_chast
749	6662	здравствуйте, могу я выкупить свой залог?	vikup_do_min_ostatka
750	6675	можно ли частично оплатить проценты ?	oplatit_zaim_chast
751	6692	сколько стоит 1 грамм золота 585 и 375 проба б/у ?	tsena_zolota
752	6740	можно заказать на выкуп	vikup_do_min_ostatka
753	6781	я ещё могу выкупить цепь?	vikup_do_min_ostatka
754	6786	как оплатить процентов	oplatit_zaim
755	6795	ещё можно оплатить?	oplatit_zaim
756	6800	здравствуйте! можно ли оплатить частично проценты?	oplatit_zaim_chast
757	6812	здравствуйте, сколько стоит у вас грамм золота 585пробы?	tsena_zolota
758	6826	добрый вечер не вижу билетов залоговых	nayti_bilet
759	6829	купить лом	smotret_katalog
760	6835	здравствуйте,можно оплатить залог ещё?	svyaz_operator
761	6839	почему не доступна оплата	oplatit_zaim
762	6852	почему не могу оплатить	oplatit_zaim
763	6868	можно ли ещё оплатить залоговый билет чч	nayti_bilet
764	6878	здравствуйте бг738138 когда оплата юг738138 юг	oplatit_zaim
765	6883	могу ли ещё выкупить свой залог?	vikup_do_min_ostatka
766	6897	скажите можно ли оплатить частями проценты	oplatit_zaim
767	6910	забрать залог	vikup_do_min_ostatka
768	6912	если не смогу оплатить %,что будет	oplatit_zaim
769	6933	оплатить проценты по вот этому билету рр	oplatit_zaim
770	6937	не вижу своего залогового билета	nayti_bilet
771	6951	здравствуйте. можно оплатить проценты частично?	oplatit_zaim_chast
772	6958	цена за грамм?	tsena_zolota
773	6968	здравствуйте, мне нужно заказать билет на выкуп.	vikup_do_min_ostatka
774	6972	добрый вечер! не могу оплатить по процентам	oplatit_zaim
775	6978	добрый день связь с оператором	svyaz_operator
776	6979	как увидеть здесь свои залоговые билеты	nayti_bilet
777	6983	можно ли забрать одну вещь	vikup_do_min_ostatka
778	6985	оплата не доступна	oplatit_zaim
779	6995	c0445602 скажите сегодня нужно оплатить проценты?	oplatit_zaim
780	7005	здравствуйте , до какого числа мой залог	data_zaima
781	7042	здравствуйте часы в ломбарде ?	info
782	7051	сколько стоит залог за грамм золота	tsena_zolota
783	7059	не могу оплатить процент	oplatit_zaim
784	7060	не могу заказать билет для выкупа	vikup_do_min_ostatka
785	7065	сколько стоит 1 грамм золота	tsena_zolota
786	7076	здравствуйте мне нужно оплатить процент или всю сумму?	oplatit_zaim
787	7078	как частично погасить долг	oplatit_zaim_chast
788	7083	здравствуйте можно здесь продать вещь?	online_otsenka
789	7087	не могу оплатить проценты на сайте nan nan	oplatit_zaim
790	7090	сколько стоит грамм у вас золота ?	tsena_zolota
791	7099	если я не могу оплатить проценты ,что будет ? ???? ??	oplatit_zaim
792	7104	до какого числа залог со	data_zaima
793	7116	скажите пожалуйста, дни когда нужно оплатить процент	oplatit_zaim
794	7130	до какого числа залог спасибо	data_zaima
795	7131	почему оплата процентов пока что не доступна?	oplatit_zaim
796	7133	оператора оператора	svyaz_operator
797	7142	здравствуйте, почему я не вижу своих залогов?	nayti_bilet
798	7144	почему я не могу оплатить чуть больше процентов?	oplatit_zaim
799	7157	не могу оплатить онлайн проценты	oplatit_zaim
800	7194	здравствуйте. могу ли я продлить займ?	oplatit_zaim
801	7195	здравствуйте. как оплатить сумму больше чем проценты?	oplatit_zaim
802	7200	добрый день а сейчас нельзя оплатить 50% процентов? ???	oplatit_zaim
803	7220	рр 525963 могу оплатить 27.03.2023 процент?	oplatit_zaim
804	7221	здравствуйте, как оплатить проценты?	oplatit_zaim
805	7222	здравствуйте, как мне оплатить проценты по залоговому билету рр799456?	oplatit_zaim
806	7239	а сколько грамм?	tsena_zolota
807	7239	nan почему не могу оплатить?????	oplatit_zaim
808	7249	выкупить изделие	vikup_do_min_ostatka
809	7255	здравствуйте сколько стоит грамм золота?	tsena_zolota
810	7260	здравствуйте могу я оплатить проценты ,по билету чч 543913 ,30 марта ?	oplatit_zaim
811	7263	здравствуйте не помню номер билета	nayti_bilet
812	7276	здравствуйте почему не могу оплатить частично? ??	oplatit_zaim_chast
813	7277	как оплатить билет ?	oplatit_zaim
814	7293	здравствуйте продлить	oplatit_zaim
815	7300	как мне оплатить проценты	oplatit_zaim
816	7303	скажите могу я проценты оплатить 29.03?	oplatit_zaim
817	7311	как оплатить сумму больше чем процент	oplatit_zaim
818	7321	добрый день! залог выкупить не смогу.	vikup_do_min_ostatka
819	7326	ро043570 до какого числа нужно оплатить проценты	oplatit_zaim
820	7336	здравствуйте, могу ли забрать свой займ чо	vikup_do_min_ostatka
821	7338	здравствуйте, 1 гр золота ?	tsena_zolota
822	7341	какого числа я могу оплатить процент?	oplatit_zaim
823	7346	здравствуйте как я могу оплатить по частям ? займ	oplatit_zaim_chast
824	7351	добрый день. можно узнать мой залог со192751 еще можно его выкупить	vikup_do_min_ostatka
825	7361	добрый день оператор	svyaz_operator
826	7362	здравствуйте! можно оплатить проценты частично?	oplatit_zaim_chast
827	7371	чо105801 залог до какого числа?	data_zaima
828	7371	здравствуйте, я ещё могу оплатить проценты чо105801?	oplatit_zaim
829	7394	мне нужен оператор	svyaz_operator
830	7399	здравствуйте, могу ли я выкупить залог чо090105?	vikup_do_min_ostatka
831	7406	доброе утро, как заказать изделия на выкуп?	zakaz_dostavki
832	7431	здравствуйте как заказать на выкуп билет	vikup_do_min_ostatka
833	7482	как мне оплатить здесь залог	svyaz_operator
834	7484	номер билета как узнать	nayti_bilet
835	7495	здравствуйте, сколько стоит 1 грамм золота?	tsena_zolota
836	7506	как продлить займ	oplatit_zaim
837	7509	как оплатить больше чем сумма процентов	oplatit_zaim
838	7531	почему не могу оплатить займ	oplatit_zaim
839	7546	можно ли часть займа оплатить? co	oplatit_zaim_chast
840	7550	как оплатить проценты ?	oplatit_zaim
841	7569	здравствуйте скажите пожалуйста сколько стоит грамм золота при залоге	tsena_zolota
842	7577	здравствуйте до скольки работает ломбард?	info
843	7587	оплатить процент	oplatit_zaim
844	7590	как оплатить часть процентов за займ?	oplatit_zaim
845	7591	как мне оплатить проценты частично? ?	oplatit_zaim_chast
846	7596	когда можно будет оплатить??	oplatit_zaim
847	7606	как частично оплатить займ?	oplatit_zaim_chast
848	7618	добрый день! не виду на сайте одного билета зб ро162078 от 23.03.23г. *не вижу	nayti_bilet
849	7648	можно его продлить?? написано что еще 33 дня	oplatit_zaim
850	7651	у меня нет номера билета как его узнать?	nayti_bilet
851	7674	здравствуйте,как оплатить проценты частями?	oplatit_zaim
852	7687	оплата процентов прошла или нет?	oplatit_zaim
853	7689	когда последний день оплаты займа	vikup_do_min_ostatka
854	7706	как я могу оплатить процент	oplatit_zaim
855	7709	здравствуйте можно ли выкупить этот займ?	vikup_do_min_ostatka
856	7711	я не помню номер билета	nayti_bilet
857	7712	номер билета	nayti_bilet
858	7751	добрый день скажите я могу оплатить 50% процентов?	oplatit_zaim
859	7762	здравствуйте,как узнать номер залогового билета?	nayti_bilet
860	7774	здравствуйте, могу ли я завтра оплатить проценты ?	oplatit_zaim
861	7793	здравствуйте не могу оплатить почему	oplatit_zaim
862	7794	проценты не могу оплатить	oplatit_zaim
863	7796	здравствуйте как заказать изделие на выкуп?	zakaz_dostavki
864	7799	заём №сн622826 этот займ можно выкупить?	vikup_do_min_ostatka
865	7802	здравствуйте! можно ли ещё выкупить этот залог?	vikup_do_min_ostatka
866	7803	как оплатить сумму больше чем проценты	oplatit_zaim
867	7811	здравствуйте, у вас есть вакансии	rabota
868	7812	здравствуйте , как можно оплатить 50% ?	oplatit_zaim
869	7879	добрый день! почему я не могу оплатить проценты ?	oplatit_zaim
870	7881	я оплатила проценты, и даже три раза по 46 руб.	oplatit_zaim
871	7902	добрый день, как мне оплатить ?	oplatit_zaim
872	7935	здравствуйте .не могу оплатить проценты по залоговому билету	oplatit_zaim
873	7936	как оплатить больше сумму , а не только процент?	oplatit_zaim
874	7946	как оплатить больше чем процент?	oplatit_zaim
875	7954	как частично оплатить?	oplatit_zaim_chast
876	7972	добрый день не вижу своих залогов	nayti_bilet
877	7977	если нет залогового билета?	nayti_bilet
878	7985	добрый день, как мне оплатить залог	svyaz_operator
879	7986	здравствуйте, а можно продлить срок займа?	oplatit_zaim
880	7998	здравствуйте,как оплатить часть %	oplatit_zaim_chast
881	8002	здравствуйте!не могу оплатить процент?	oplatit_zaim
882	8021	как оплатить больше	oplatit_zaim
883	8025	могу ли я оплатить проценты по чч713270 06.04?	oplatit_zaim
884	8039	почему оплата займа не доступна? займ сн014237 и сн14541? ???	oplatit_zaim
885	8057	залоговый билет номер 008114-	nayti_bilet
886	8092	мои оплаты	oplatit_zaim
887	8118	здравствуйте, можно узнать принимаете ли вы серебро ?	online_otsenka
888	8129	у меня один залоговый билет 000891 - 	nayti_bilet
889	8131	здравствуйте, могу ли я его еще выкупить?	vikup_do_min_ostatka
890	8146	оплатить залоговый билет	nayti_bilet
891	8151	сн335264 можно оплатить не всё,а часть	oplatit_zaim_chast
892	8171	какой у вас номер телефона ???	svyaz_operator
893	8179	почему я не могу оплатить?	oplatit_zaim
894	8183	добрый день прошла ли оплата процентов	oplatit_zaim
895	8214	здравствуйте, я могу продлить займ?	oplatit_zaim
896	8245	здравствуйте, как оплатить сумму больше процентов?	oplatit_zaim
897	8247	как заказать на выкуп?	vikup_do_min_ostatka
898	8263	здравствуйте, как узнать где мои залог и как мне оплатить проценты	oplatit_zaim
899	8268	как выкупить изделие?	vikup_do_min_ostatka
900	8296	 займ по какому он адресу?	info
901	8322	серебро принимаете?	online_otsenka
902	8329	мой залог уже выкупили?	vikup_do_min_ostatka
903	8333	а как проценты оплатить 15 числа ?	oplatit_zaim
904	8335	сколько стоит 1 грамм золота 375 пробы	tsena_zolota
905	8343	здравствуйте. я уже не смогу выкупить свое изделие?	vikup_do_min_ostatka
906	8365	процент	oplatit_zaim
907	8367	хочу выкупить одно изделие	vikup_do_min_ostatka
908	8369	здравствуйте сн386707? могу ли я его продлить	oplatit_zaim
909	8371	здравствуйте почему не могу оплатить процент? здравствуйте почему не могу оплатить процент?	oplatit_zaim
910	8375	можно ли выкупить после	vikup_do_min_ostatka
911	8401	как %и ещё + оплатить	oplatit_zaim
912	8408	узнать номер билета займа	nayti_bilet
913	8410	продлить договор займа	oplatit_zaim
914	8436	здравствуйте. продлить залог.	oplatit_zaim
915	8465	как выкупить билет?	vikup_do_min_ostatka
916	8467	как можно оплатить проценты	oplatit_zaim
917	8477	здравствуйте я хочу оплатить проценты ?	oplatit_zaim
918	8501	я могу погасить проценты частично? ?	oplatit_zaim_chast
919	8511	не помню номер билета	nayti_bilet
920	8548	как продлить ?	oplatit_zaim
921	8550	спасибо спасибо до 12.05 будет оплата	oplatit_zaim
922	8595	о дате займа оплаты	oplatit_zaim
923	8608	по чему я не могу оплатить?	oplatit_zaim
924	8611	здравствуйте могу ли я ещё продлить свои залоги?	oplatit_zaim
925	8615	почему оплата процентов ни доступна ?	oplatit_zaim
926	8624	доброй ночи можно узнать сколько стоит грамм золота	tsena_zolota
927	8628	как оплатить через сбп?	oplatit_zaim
928	8636	оператор алло	svyaz_operator
929	8653	до какого числа нужно оплатить проценты чо038251, чо038353?	oplatit_zaim
930	8660	могу ли я частично оплатить	oplatit_zaim_chast
931	8681	скажите до какого числа я могу оплатить процент по со	oplatit_zaim
932	8735	здравствуйте не могу найти свой залоговой билет	nayti_bilet
933	8749	здравствуйте почему залоговый билет не найден?	nayti_bilet
934	8752	почему не найден залоговый билет	nayti_bilet
935	8758	как вам позвонить ???	info
936	8779	можно будет выкупить?	vikup_do_min_ostatka
937	8787	как продлить договор?	oplatit_zaim
938	8793	как мне оплатить проценты по залогу?	oplatit_zaim
939	8818	кольцо не продано?	online_otsenka
940	8826	здравствуйте, залог уже не выкупить?	vikup_do_min_ostatka
941	8828	здравствуйте как оплатить проценты онлайн	oplatit_zaim
942	8847	здравствуйте не могу найти свои залогового билеты	nayti_bilet
943	8867	как забрать залог	vikup_do_min_ostatka
944	8882	nan могу выкупить ?	vikup_do_min_ostatka
945	8894	здравствуйте а до скольки работаете?	info
946	8927	шубу ждать?	svyaz_operator
947	8938	как продлить срок залога?	oplatit_zaim
948	8946	а если нет номера билета	nayti_bilet
949	8963	добрый день,я могу оплатить проценты или нужно весь займ?	oplatit_zaim
950	8971	почему я не вижу свои билеты	nayti_bilet
951	8972	можно ли продлить займ?	oplatit_zaim
952	8973	могу ли я оплатить половину процентов за свой займ	oplatit_zaim_chast
953	8999	как оплатить часть займа	oplatit_zaim_chast
954	9001	как оплатить проценты, если нет при себе залогового билета	oplatit_zaim
955	9003	здравствуйте, сколько стоит грамм золота под залог?	tsena_zolota
956	9010	не могу оплатить один билет	oplatit_zaim
957	9021	можно номер горячей линии	info
958	9027	почему я не вижу своего залога???	nayti_bilet
959	9030	я не вижу свои залоговые билеты	nayti_bilet
960	9032	здравствуйте! я не могу оплатить займ	oplatit_zaim
961	9033	почему я не могу оплатить сумму больше, чем проценты?	oplatit_zaim
962	9051	я могу забрать что то из своего залога	vikup_do_min_ostatka
963	9066	добрый вечер! не могу оплатить процент почему?	oplatit_zaim
964	9090	можно ли еще оплатить проценты? №чч371289 по этому заему?	oplatit_zaim
965	9091	может ли муж забрать залог	vikup_do_min_ostatka
966	9120	здравствуйте не могу найти свои залоговые билеты , как быть?	nayti_bilet
967	9124	доброе утро как оплатить от суммы займа еше , а не проценты	oplatit_zaim
968	9138	почему я не вижу свои залоги ?	nayti_bilet
969	9140	здравствуйте не вижу своего залогового билета	nayti_bilet
970	9142	не могу оплатить процент онлайн(?	oplatit_zaim
971	9148	как найти залоговый билет	nayti_bilet
972	9180	как оплатить ?	oplatit_zaim
973	9183	как заказать золото на выкуп	tsena_zolota
974	9190	здравствуйте как оплатить полностью	vikup_do_min_ostatka
975	9210	какой у меня процент в день?	oplatit_zaim
976	9213	как оплатить проценты по залоговому билету 002215-008.	oplatit_zaim
977	9254	здравствуйте,можно узнать адрес ломбарда?	info
978	9264	как заказать билеты на выкуп?	vikup_do_min_ostatka
979	9265	продлить займ здравствуйте	oplatit_zaim
980	9275	а как выкупить	vikup_do_min_ostatka
981	9277	как оплатить проценты по залог?	oplatit_zaim
982	9280	можно выкупить?	vikup_do_min_ostatka
983	9333	добрый день,можно оплатить %?	oplatit_zaim
984	9338	добрый день, какого числа нужно оплатить процент?	oplatit_zaim
985	9339	здравствуйте. можно оплатить 50% за проценты?	oplatit_zaim
986	9380	до какого нужно заплатить процент?	oplatit_zaim
987	9386	узнать до какого числа нужно оплатить проценты	oplatit_zaim
988	9408	здравствуйте сколько стоит грамм золота	tsena_zolota
989	9428	как оплатить проценты по залоговому билету?	oplatit_zaim
990	9460	заказать выкуп золота	tsena_zolota
991	9465	здравствуйте а как можно частично оплатить?	oplatit_zaim_chast
992	9475	здравствуйте,мне нужно оплатить проценты	oplatit_zaim
993	9476	я не вижу своих залоговых билетов ? добрый день	nayti_bilet
994	9479	можно оплатить часть процентов?	oplatit_zaim
995	9484	здравствуйте можно номер горячей линии	info
996	9500	как оплатить процент по залогу ?	oplatit_zaim
997	9505	здравствуйте до скольки работают ломбарды	info
998	9508	сколько стоит грамм золота ?	tsena_zolota
999	9547	почему нельзя оплатить процент онлайн	oplatit_zaim
